WKT,WKT,VALUE,id,@id,power,voltage,raster,cables,operator,frequency,name,circuits,operator:short,operator:wikidata,operator:wikipedia,ref,wires,layer,source,motorcycle,line,fixme,admin_level,surface,not:operator:wikidata,addr:postcode,note,motorcar,alt_name,description,source:date,cable,location,highway,import,bridge,submarine,construction,disused,design,design:incomplete,start_date,seamark:type,communication,distance,length,,,
"MULTILINESTRING ((-1037442.50939345 10546887.047561,-1031642.27907994 10580415.1715494))",POINT (-1037442.50939345 10546887.047561),0.02021027,way/721686285,way/721686285,line,150000,1,6,PLN,50,,,,,,,,,,,,,,,,,,,,,,,,,,,,,,,,,,,34026.13363,33070.647,,1559341.345,1559.341345
"MULTILINESTRING ((-1044370.57554018 10543421.0840991,-1046026.72731913 10581702.4805545))",POINT (-1044370.57554018 10543421.0840991),0.02050612,way/721686285,way/721686285,line,150000,1,6,PLN,50,,,,,,,,,,,,,,,,,,,,,,,,,,,,,,,,,,,38317.2044,37226.375,,,
"MULTILINESTRING ((-1030514.44324673 10543421.0840991,-1031642.27907994 10580415.1715494))",POINT (-1030514.44324673 10543421.0840991),0.02037841,way/721686285,way/721686285,line,150000,1,6,PLN,50,,,,,,,,,,,,,,,,,,,,,,,,,,,,,,,,,,,37011.27558,35976.605,,,
"MULTILINESTRING ((-1037442.50939345 10539955.1206373,-1031642.27907994 10580415.1715494))",POINT (-1037442.50939345 10539955.1206373),0.0204489,way/721686285,way/721686285,line,150000,1,6,PLN,50,,,,,,,,,,,,,,,,,,,,,,,,,,,,,,,,,,,40873.68825,39725.913,,,
"MULTILINESTRING ((-1044370.57554018 10536489.1571754,-1046026.72731913 10581702.4805545))",POINT (-1044370.57554018 10536489.1571754),0.0204776,way/721686285,way/721686285,line,150000,1,6,PLN,50,,,,,,,,,,,,,,,,,,,,,,,,,,,,,,,,,,,45243.64541,43955.628,,,
"MULTILINESTRING ((-971625.880999566 10505295.4860188,-963068.372836354 10507848.394094))",POINT (-971625.880999566 10505295.4860188),0.02003627,way/721690861,way/721690861,line,150000,1,6,PLN,50,,,,,,,,,,,,,,,,,,,,,,,,,,,,,,,,,,,8930.189561,8700.732,,,
"MULTILINESTRING ((-964697.814852841 10501829.522557,-960841.846217567 10504015.5273025))",POINT (-964697.814852841 10501829.522557),0.02007904,way/721690861,way/721690861,line,150000,1,6,PLN,50,,,,,,,,,,,,,,,,,,,,,,,,,,,,,,,,,,,4432.506161,4319.32,,,
"MULTILINESTRING ((-964697.814852841 10494897.5956333,-957857.27452927 10498855.492183))",POINT (-964697.814852841 10494897.5956333),0.02005789,way/721690861,way/721690861,line,150000,1,6,PLN,50,,,,,,,,,,,,,,,,,,,,,,,,,,,,,,,,,,,7903.033406,7701.634,,,
"MULTILINESTRING ((-957769.748706116 10494897.5956333,-956123.230677435 10495822.2177351))",POINT (-957769.748706116 10494897.5956333),0.02022297,way/721690861,way/721690861,line,150000,1,6,PLN,50,,,,,,,,,,,,,,,,,,,,,,,,,,,,,,,,,,,1888.371693,1840.532,,,
"MULTILINESTRING ((1134506.22760479 10418646.3994727,1147372.6525466 10396088.0581899))",POINT (1134506.22760479 10418646.3994727),0.02145532,way/943966223,way/943966223,line,150000,1,,,,,,,,,,,,,,,,,,,,,,,,,,,,,,,,,,,,,,25969.66793,25848.451,,,
"MULTILINESTRING ((1127578.16145807 10415180.4360109,1126176.42090548 10390010.4805762))",POINT (1127578.16145807 10415180.4360109),0.02148482,way/943966223,way/943966223,line,150000,1,,,,,,,,,,,,,,,,,,,,,,,,,,,,,,,,,,,,,,25208.9574,25096.817,,,
"MULTILINESTRING ((1131042.19453143 10411714.472549,1142236.46923713 10393029.5803506))",POINT (1131042.19453143 10411714.472549),0.02155855,way/943966223,way/943966223,line,150000,1,,,,,,,,,,,,,,,,,,,,,,,,,,,,,,,,,,,,,,21781.57438,21681.377,,,
"MULTILINESTRING ((1124114.12838471 10408248.5090872,1126176.42090548 10390010.4805762))",POINT (1124114.12838471 10408248.5090872),0.02150967,way/943966223,way/943966223,line,150000,1,,,,,,,,,,,,,,,,,,,,,,,,,,,,,,,,,,,,,,18354.25657,18273.098,,,
"MULTILINESTRING ((1131042.19453143 10404782.5456254,1126374.30149604 10389962.8917566))",POINT (1131042.19453143 10404782.5456254),0.02170465,way/943966223,way/943966223,line,150000,1,,,,,,,,,,,,,,,,,,,,,,,,,,,,,,,,,,,,,,15537.41826,15467.862,,,
"MULTILINESTRING ((1124114.12838471 10390918.691778,1126176.42090548 10390010.4805762))",POINT (1124114.12838471 10390918.691778),0.02161458,way/943966223,way/943966223,line,150000,1,,,,,,,,,,,,,,,,,,,,,,,,,,,,,,,,,,,,,,2253.419186,2243.455,,,
"MULTILINESTRING ((1117186.06223798 10387452.7283161,1126176.42090548 10390010.4805762))",POINT (1117186.06223798 10387452.7283161),0.0216884,way/943966223,way/943966223,line,150000,1,,,,,,,,,,,,,,,,,,,,,,,,,,,,,,,,,,,,,,9347.119642,9306.284,,,
"MULTILINESTRING ((1127578.16145807 10387452.7283161,1128352.91593149 10388808.4300822))",POINT (1127578.16145807 10387452.7283161),0.02143466,way/943966223,way/943966223,line,150000,1,,,,,,,,,,,,,,,,,,,,,,,,,,,,,,,,,,,,,,1561.464624,1554.492,,,
"MULTILINESTRING ((1120650.09531134 10383986.7648543,1126176.42090548 10390010.4805762))",POINT (1120650.09531134 10383986.7648543),0.02149895,way/943966223,way/943966223,line,150000,1,,,,,,,,,,,,,,,,,,,,,,,,,,,,,,,,,,,,,,8174.681992,8138.752,,,
"MULTILINESTRING ((1217643.02136549 10241882.2629187,1221894.91117554 10236318.8685774))",POINT (1217643.02136549 10241882.2629187),0.02015984,way/943966219,way/943966219,line,150000,1,,,,,,,,,,,,,,,,,,,,,,,,,,,,,,,,,,,,,,7002.13707,6960.237,,,
"MULTILINESTRING ((1210714.95521877 10238416.2994568,1221894.91117554 10236318.8685774))",POINT (1210714.95521877 10238416.2994568),0.02021029,way/943966219,way/943966219,line,150000,1,,,,,,,,,,,,,,,,,,,,,,,,,,,,,,,,,,,,,,11375.00029,11307.626,,,
"MULTILINESTRING ((1214178.98829213 10234950.335995,1221903.95470703 10235703.7571251))",POINT (1214178.98829213 10234950.335995),0.02019682,way/943966219,way/943966219,line,150000,1,,,,,,,,,,,,,,,,,,,,,,,,,,,,,,,,,,,,,,7761.620289,7715.412,,,
"MULTILINESTRING ((1217643.02136549 10231484.3725331,1222061.98158088 10235472.4151149))",POINT (1217643.02136549 10231484.3725331),0.0200716,way/943966219,way/943966219,line,150000,1,,,,,,,,,,,,,,,,,,,,,,,,,,,,,,,,,,,,,,5952.452689,5916.825,,,
"MULTILINESTRING ((-691039.202057209 10210688.5917621,-695705.043891246 10196704.9757553))",POINT (-691039.202057209 10210688.5917621),0.02043577,way/755006492,way/755006492,line,150000,1,6,,50,,,,,,,,,,,,,,,,,,,,,,,,,,,,,,,,,,,14741.49235,14491.058,,,
"MULTILINESTRING ((-694503.235130571 10207222.6283002,-702276.018885848 10200561.1662504))",POINT (-694503.235130571 10207222.6283002),0.02054231,way/755006492,way/755006492,line,150000,1,6,,50,,,,,,,,,,,,,,,,,,,,,,,,,,,,,,,,,,,10236.75945,10061.375,,,
"MULTILINESTRING ((-687575.168983846 10207222.6283002,-695705.043891246 10196704.9757553))",POINT (-687575.168983846 10207222.6283002),0.02044283,way/755006492,way/755006492,line,150000,1,6,,50,,,,,,,,,,,,,,,,,,,,,,,,,,,,,,,,,,,13293.45256,13068.279,,,
"MULTILINESTRING ((-691039.202057209 10200290.7013765,-695443.554511531 10196409.6011047))",POINT (-691039.202057209 10200290.7013765),0.02059608,way/755006492,way/755006492,line,150000,1,6,,50,,,,,,,,,,,,,,,,,,,,,,,,,,,,,,,,,,,5870.371356,5770.665,,,
"MULTILINESTRING ((-985482.013293015 10117107.5782923,-985007.521097797 10117739.218122))",POINT (-985482.013293015 10117107.5782923),0.01925572,way/736942580,way/736942580,line,70000,1,,,,,,,,,,,,,,,,,,,,,,,,,,,,,,,,,,,,,,790.0074163,769.212,,,
"MULTILINESTRING ((2038618.85975239 10117107.5782923,2044769.56906188 10136021.6594313))",POINT (2038618.85975239 10117107.5782923),0.02152796,way/615868414,way/615868414,line,150000,1,6,,50,,,,,,,,,,,,,,,,,,,,,,,,,,,,,,,,,,,19889.03442,19325.309,,,
"MULTILINESTRING ((-992410.07943974 10113641.6148304,-985667.312195765 10118245.8181636))",POINT (-992410.07943974 10113641.6148304),0.01869244,way/736942580,way/736942580,line,70000,1,,,,,,,,,,,,,,,,,,,,,,,,,,,,,,,,,,,,,,8164.777917,7948.766,,,
"MULTILINESTRING ((2035154.82667903 10113641.6148304,2016003.24512106 10111552.0237866))",POINT (2035154.82667903 10113641.6148304),0.02091424,way/943309154,way/943309154,line,150000,1,6,,50,,,,,,,,,,,,,,,,,,,,,,,,,,,,,,,,,,,19265.23986,18730.436,,,
"MULTILINESTRING ((2038618.85975239 10110175.6513686,2016099.60020242 10109729.5257692))",POINT (2038618.85975239 10110175.6513686),0.02140315,way/943309154,way/943309154,line,150000,1,6,,50,,,,,,,,,,,,,,,,,,,,,,,,,,,,,,,,,,,22523.67818,21896.971,,,
"MULTILINESTRING ((1778816.37925021 10085913.9071357,1786203.20466201 10068434.1365959))",POINT (1778816.37925021 10085913.9071357),0.02270032,way/397085934,way/397085934,line,150000,1,6,,50,,,,,,,,,,,,,,,,,,,,,,,,,,,,,,,,,,,18976.50041,18603.83,,,
"MULTILINESTRING ((1778816.37925021 10078981.980212,1785927.9553335 10068270.6587842))",POINT (1778816.37925021 10078981.980212),0.0226502,way/397085934,way/397085934,line,150000,1,6,,50,,,,,,,,,,,,,,,,,,,,,,,,,,,,,,,,,,,12857.17392,12604.733,,,
"MULTILINESTRING ((-600974.342149786 10054720.2359791,-590458.993401703 10054945.0107583))",POINT (-600974.342149786 10054720.2359791),0.02046015,way/736595652,way/736595652,line,275000,1,6,,50,,,,,,,,,,,,,,,,,,,,,,,,,,,,,,,,,,,10517.75085,10367.426,,,
"MULTILINESTRING ((-607902.408296511 10047788.3090554,-609225.215667324 10039456.0480415))",POINT (-607902.408296511 10047788.3090554),0.0202633,way/625279423,way/625279423,line,150000,1,6,,50,,,,,,,,,,,,,,,,,,,,,,,,,,,,,,,,,,,8436.610276,8313.144,,,
"MULTILINESTRING ((-646006.772103497 10040856.3821317,-643567.236562695 10035713.7448589))",POINT (-646006.772103497 10040856.3821317),0.02058518,way/928928124,way/928928124,line,275000,1,,,,,,,,,,,,,,,,,,,,,,,,,,,,,,,,,,,,,,5691.928652,5603.021,,,
"MULTILINESTRING ((-600974.342149786 10040856.3821317,-599892.24523427 10038456.2752009))",POINT (-600974.342149786 10040856.3821317),0.02018676,way/625279423,way/625279423,line,150000,1,6,,50,,,,,,,,,,,,,,,,,,,,,,,,,,,,,,,,,,,2632.764139,2594.806,,,
"MULTILINESTRING ((-646006.772103497 10026992.5282843,-644476.390516746 10027440.9948203))",POINT (-646006.772103497 10026992.5282843),0.02066939,way/928928124,way/928928124,line,275000,1,,,,,,,,,,,,,,,,,,,,,,,,,,,,,,,,,,,,,,1594.738234,1569.808,,,
"MULTILINESTRING ((455555.745225758 10023526.5648225,447747.064594637 10015137.2951373))",POINT (455555.745225758 10023526.5648225),0.02051627,way/949915564,way/949915564,line,150000,1,6,,50,,,,,,,,,,,,,,,,,,,,,,,,,,,,,,,,,,,11461.03569,11465.289,,,
"MULTILINESTRING ((452091.712152396 10020060.6013606,447700.698722153 10015180.3428674))",POINT (452091.712152396 10020060.6013606),0.02052995,way/949915564,way/949915564,line,150000,1,6,,50,,,,,,,,,,,,,,,,,,,,,,,,,,,,,,,,,,,6564.900754,6567.323,,,
"MULTILINESTRING ((459019.778299121 10020060.6013606,449480.751620953 10013678.0835897))",POINT (459019.778299121 10020060.6013606),0.02033726,way/949915564,way/949915564,line,150000,1,6,,50,,,,,,,,,,,,,,,,,,,,,,,,,,,,,,,,,,,11477.35,11481.644,,,
"MULTILINESTRING ((455555.745225758 10016594.6378988,449480.751620953 10013678.0835897))",POINT (455555.745225758 10016594.6378988),0.02057414,way/949915564,way/949915564,line,150000,1,6,,50,,,,,,,,,,,,,,,,,,,,,,,,,,,,,,,,,,,6738.830487,6741.339,,,
"MULTILINESTRING ((459019.778299121 10013128.674437,449480.751620953 10013678.0835897))",POINT (459019.778299121 10013128.674437),0.02078348,way/949915564,way/949915564,line,150000,1,6,,50,,,,,,,,,,,,,,,,,,,,,,,,,,,,,,,,,,,9554.835445,9558.41,,,
"MULTILINESTRING ((389739.116831872 10006196.7475133,389667.896273601 10005247.299684))",POINT (389739.116831872 10006196.7475133),0.02113567,way/563399564,way/563399564,line,150000,1,6,,50,,,,,,,,,,,,,,,,,,,,,,,,,,,,,,,,,,,952.1153021,952.353,,,
"MULTILINESTRING ((400131.21605196 10006196.7475133,398796.319721668 10005981.8644144))",POINT (400131.21605196 10006196.7475133),0.02102256,way/949915564,way/949915564,line,150000,1,6,,50,,,,,,,,,,,,,,,,,,,,,,,,,,,,,,,,,,,1352.080973,1352.453,,,
"MULTILINESTRING ((403595.249125322 10002730.7840514,399760.249221678 10001570.2746753))",POINT (403595.249125322 10002730.7840514),0.02101153,way/949915564,way/949915564,line,150000,1,6,,50,,,,,,,,,,,,,,,,,,,,,,,,,,,,,,,,,,,4006.745097,4007.869,,,
"MULTILINESTRING ((389739.116831872 9999264.82058957,392438.80328409 10003230.0335065))",POINT (389739.116831872 9999264.82058957),0.02108062,way/563399564,way/563399564,line,150000,1,6,,50,,,,,,,,,,,,,,,,,,,,,,,,,,,,,,,,,,,4797.00119,4798.216,,,
"MULTILINESTRING ((396667.182978597 9999264.82058957,398854.140161491 10000421.0017203))",POINT (396667.182978597 9999264.82058957),0.02106094,way/563399564,way/563399564,line,150000,1,6,,50,,,,,,,,,,,,,,,,,,,,,,,,,,,,,,,,,,,2473.7697,2474.439,,,
"MULTILINESTRING ((1120650.09531134 9981935.00328035,1125479.23061733 9971863.56310195))",POINT (1120650.09531134 9981935.00328035),0.0200186,way/756631777,way/756631777,line,150000,1,6,PLN,50,,,,,,,,,,,,,,,,,,,,,,,,,,,,,,,,,,,11169.35339,11120.318,,,
"MULTILINESTRING ((1113722.02916462 9975003.07635666,1123649.66944006 9969880.4738939))",POINT (1113722.02916462 9975003.07635666),0.02044837,way/756631777,way/756631777,line,150000,1,6,PLN,50,,,,,,,,,,,,,,,,,,,,,,,,,,,,,,,,,,,11171.35164,11123.054,,,
"MULTILINESTRING ((1120650.09531134 9975003.07635666,1124859.11707616 9971182.90609878))",POINT (1120650.09531134 9975003.07635666),0.02010628,way/756631777,way/756631777,line,150000,1,6,PLN,50,,,,,,,,,,,,,,,,,,,,,,,,,,,,,,,,,,,5684.150334,5659.223,,,
"MULTILINESTRING ((1110257.99609126 9968071.14943298,1123649.66944006 9969880.4738939))",POINT (1110257.99609126 9968071.14943298),0.02035291,way/756631777,way/756631777,line,150000,1,6,PLN,50,,,,,,,,,,,,,,,,,,,,,,,,,,,,,,,,,,,13513.34785,13455.279,,,
"MULTILINESTRING ((-514373.515315725 9943809.40520007,-514828.100546233 9943242.57968161))",POINT (-514373.515315725 9943809.40520007),0.01972369,way/939542510,way/939542510,line,150000,1,,,,,,,,,,,,,,,,,,,,,,,,,,,,,,,,,,,,,,726.5940408,717.715,,,
"MULTILINESTRING ((-510909.482242363 9940343.44173822,-511133.523062191 9942072.67230771))",POINT (-510909.482242363 9940343.44173822),0.01968103,way/939542510,way/939542510,line,150000,1,,,,,,,,,,,,,,,,,,,,,,,,,,,,,,,,,,,,,,1743.683644,1722.53,,,
"MULTILINESTRING ((898951.978616149 9936877.47827638,895911.128253527 9922484.79079684))",POINT (898951.978616149 9936877.47827638),0.02035243,way/945128886,way/945128886,line,150000,1,,,,,,,,,,,,,,,,,,,,,,,,,,,,,,,,,,,,,,14710.41209,14687.56,,,
"MULTILINESTRING ((905880.044762874 9933411.51481453,896199.703145613 9922413.11885753))",POINT (905880.044762874 9933411.51481453),0.02033407,way/945128886,way/945128886,line,150000,1,,,,,,,,,,,,,,,,,,,,,,,,,,,,,,,,,,,,,,14651.74827,14628.465,,,
"MULTILINESTRING ((-479733.184582101 9929945.55135269,-479266.658340904 9931524.43195477))",POINT (-479733.184582101 9929945.55135269),0.01952642,way/736595654,way/736595654,line,500000,1,,,,,,,,,,,,,,,,,,,,,,,,,,,,,,,,,,,,,,1646.362867,1627.644,,,
"MULTILINESTRING ((898951.978616149 9929945.55135269,896199.703145613 9922413.11885753))",POINT (898951.978616149 9929945.55135269),0.02029049,way/945128886,way/945128886,line,150000,1,,,,,,,,,,,,,,,,,,,,,,,,,,,,,,,,,,,,,,8019.51118,8007.042,,,
"MULTILINESTRING ((-476269.151508738 9926479.58789084,-474151.695582454 9929750.73846685))",POINT (-476269.151508738 9926479.58789084),0.01951239,way/736595654,way/736595654,line,500000,1,,,,,,,,,,,,,,,,,,,,,,,,,,,,,,,,,,,,,,3896.671104,3852.764,,,
"MULTILINESTRING ((905880.044762874 9926479.58789084,896413.5120826 9922070.65324878))",POINT (905880.044762874 9926479.58789084),0.02015875,way/945128886,way/945128886,line,150000,1,,,,,,,,,,,,,,,,,,,,,,,,,,,,,,,,,,,,,,10442.88972,10426.284,,,
"MULTILINESTRING ((898951.978616149 9923013.624429,896413.5120826 9922070.65324878))",POINT (898951.978616149 9923013.624429),0.02010061,way/945128886,way/945128886,line,150000,1,,,,,,,,,,,,,,,,,,,,,,,,,,,,,,,,,,,,,,2707.952546,2703.739,,,
"MULTILINESTRING ((2845738.56584583 9891819.9532724,2814004.50655626 9887457.19368619))",POINT (2845738.56584583 9891819.9532724),0.02104225,way/940979322,way/940979322,line,150000,1,,,,,,,,,,,,,,,,,,,,,,,,,,,,,,,,,,,,,,32032.54892,30005.016,,,
"MULTILINESTRING ((2842274.53277247 9884888.02634871,2814004.50655626 9887457.19368619))",POINT (2842274.53277247 9884888.02634871),0.02131896,way/940979322,way/940979322,line,150000,1,,,,,,,,,,,,,,,,,,,,,,,,,,,,,,,,,,,,,,28386.52855,26592.325,,,
"MULTILINESTRING ((2849202.5989192 9884888.02634871,2814004.50655626 9887457.19368619))",POINT (2849202.5989192 9884888.02634871),0.02132118,way/940979322,way/940979322,line,150000,1,,,,,,,,,,,,,,,,,,,,,,,,,,,,,,,,,,,,,,35291.73171,33054.734,,,
"MULTILINESTRING ((2845738.56584583 9877956.09942503,2813945.25216545 9886907.57046879))",POINT (2845738.56584583 9877956.09942503),0.02141912,way/940979322,way/940979322,line,150000,1,,,,,,,,,,,,,,,,,,,,,,,,,,,,,,,,,,,,,,33029.43579,30938.856,,,
"MULTILINESTRING ((1044441.36769737 9822500.68403552,1034525.21042478 9809822.32367972))",POINT (1044441.36769737 9822500.68403552),0.0189265,way/756074043,way/756074043,line,150000;20000,1,6,PLN,50,Tanjung-Kuaro,2,,,,,,,,,,,,,,,,,,,,,,,,,,,,,,,,,16095.68254,16044.261,,,
"MULTILINESTRING ((1037513.30155065 9819034.72057367,1032011.09036682 9811769.59402359))",POINT (1037513.30155065 9819034.72057367),0.01924677,way/756074043,way/756074043,line,150000;20000,1,6,PLN,50,Tanjung-Kuaro,2,,,,,,,,,,,,,,,,,,,,,,,,,,,,,,,,,9113.52795,9084.982,,,
"MULTILINESTRING ((1047905.40077073 9819034.72057367,1035795.55521891 9808848.11100784))",POINT (1047905.40077073 9819034.72057367),0.01898022,way/756074043,way/756074043,line,150000;20000,1,6,PLN,50,Tanjung-Kuaro,2,,,,,,,,,,,,,,,,,,,,,,,,,,,,,,,,,15824.51812,15773.463,,,
"MULTILINESTRING ((1040977.33462401 9812102.79364998,1035795.55521891 9808848.11100784))",POINT (1040977.33462401 9812102.79364998),0.01888447,way/756074043,way/756074043,line,150000;20000,1,6,PLN,50,Tanjung-Kuaro,2,,,,,,,,,,,,,,,,,,,,,,,,,,,,,,,,,6119.133673,6099.674,,,
"MULTILINESTRING ((1047905.40077073 9812102.79364998,1035885.60279059 9808543.97791917))",POINT (1047905.40077073 9812102.79364998),0.01921926,way/756074043,way/756074043,line,150000;20000,1,6,PLN,50,Tanjung-Kuaro,2,,,,,,,,,,,,,,,,,,,,,,,,,,,,,,,,,12535.57788,12495.127,,,
"MULTILINESTRING ((791566.953341914 9787841.04941707,790361.81397672 9785433.33480022))",POINT (791566.953341914 9787841.04941707),0.0203348,way/756074050,way/756074050,line,150000,1,6,,50,,,,,,,,,,,,,,,,,,,,,,,,,,,,,,,,,,,2692.480374,2690.736,,,
"MULTILINESTRING ((-70977.2819253328 9784375.08595523,-72264.6570973643 9781495.63365))",POINT (-70977.2819253328 9784375.08595523),0.01932141,way/620166579,way/620166579,line,150000,1,,,,,,,,,,,,,,,,,,,,,,,,,,,,,,,,,,,,,,3154.137031,3142.674,,,
"MULTILINESTRING ((-64049.2157786079 9784375.08595523,-67887.023761045 9779632.85261986))",POINT (-64049.2157786079 9784375.08595523),0.0195032,way/620166579,way/620166579,line,150000,1,,,,,,,,,,,,,,,,,,,,,,,,,,,,,,,,,,,,,,6100.618585,6078.93,,,
"MULTILINESTRING ((798495.019488639 9784375.08595523,796875.268700809 9782140.61857382))",POINT (798495.019488639 9784375.08595523),0.02038757,way/756074050,way/756074050,line,150000,1,6,,50,,,,,,,,,,,,,,,,,,,,,,,,,,,,,,,,,,,2759.78932,2757.867,,,
"MULTILINESTRING ((-60585.1827052454 9780909.12249339,-65879.2661989105 9776942.85219935))",POINT (-60585.1827052454 9780909.12249339),0.01951211,way/620166579,way/620166579,line,150000,1,,,,,,,,,,,,,,,,,,,,,,,,,,,,,,,,,,,,,,6615.029863,6591.764,,,
"MULTILINESTRING ((788102.920268552 9780909.12249339,790366.309254372 9785431.08476776))",POINT (788102.920268552 9780909.12249339),0.02052214,way/756074050,way/756074050,line,150000,1,6,,50,,,,,,,,,,,,,,,,,,,,,,,,,,,,,,,,,,,5056.7848,5053.572,,,
"MULTILINESTRING ((-396596.390821402 9777443.15903154,-393729.607363929 9775891.2740578))",POINT (-396596.390821402 9777443.15903154),0.01983809,way/624460455,way/624460455,line,150000,1,,,,,,,,,,,,,,,,,,,,,,,,,,,,,,,,,,,,,,3259.876434,3229.084,,,
"MULTILINESTRING ((-67513.2488519703 9777443.15903154,-66708.6669077261 9778042.75681401))",POINT (-67513.2488519703 9777443.15903154),0.01922431,way/620166579,way/620166579,line,150000,1,,,,,,,,,,,,,,,,,,,,,,,,,,,,,,,,,,,,,,1003.428924,999.846,,,
"MULTILINESTRING ((805423.085635364 9777443.15903154,804686.789383407 9776429.68627227))",POINT (805423.085635364 9777443.15903154),0.02064843,way/756074050,way/756074050,line,150000,1,6,,50,,,,,,,,,,,,,,,,,,,,,,,,,,,,,,,,,,,1252.700764,1251.759,,,
"MULTILINESTRING ((-393132.35774804 9773977.1955697,-393936.427001632 9774203.67821926))",POINT (-393132.35774804 9773977.1955697),0.01984967,way/624460455,way/624460455,line,150000,1,,,,,,,,,,,,,,,,,,,,,,,,,,,,,,,,,,,,,,835.357262,827.496,,,
"MULTILINESTRING ((801959.052562001 9773977.1955697,804050.999034357 9776888.6811004))",POINT (801959.052562001 9773977.1955697),0.0205417,way/756074050,way/756074050,line,150000,1,6,,50,,,,,,,,,,,,,,,,,,,,,,,,,,,,,,,,,,,3585.106419,3582.467,,,
"MULTILINESTRING ((-396596.390821402 9770511.23210785,-396769.903540365 9770689.54173406))",POINT (-396596.390821402 9770511.23210785),0.01990076,way/624460455,way/624460455,line,150000,1,,,,,,,,,,,,,,,,,,,,,,,,,,,,,,,,,,,,,,248.7990885,246.441,,,
"MULTILINESTRING ((-393132.35774804 9767045.26864601,-396723.003099451 9770735.18045361))",POINT (-393132.35774804 9767045.26864601),0.01996495,way/624460455,way/624460455,line,150000,1,,,,,,,,,,,,,,,,,,,,,,,,,,,,,,,,,,,,,,5148.609831,5100.003,,,
"MULTILINESTRING ((715358.225727941 9749715.45133679,719659.488937083 9749694.573763))",POINT (715358.225727941 9749715.45133679),0.02051694,way/613865138,way/613865138,line,150000,1,6,,50,,,,,,,,,,,,,,,,,,,,,,,,,,,,,,,,,,,4301.313877,4300.515,,,
"MULTILINESTRING ((722286.291874665 9749715.45133679,719659.652155744 9749728.20058321))",POINT (722286.291874665 9749715.45133679),0.02073669,way/613865138,way/613865138,line,150000,1,6,,50,,,,,,,,,,,,,,,,,,,,,,,,,,,,,,,,,,,2626.67066,2626.134,,,
"MULTILINESTRING ((715358.225727941 9742783.5244131,720004.584062964 9743165.41856886))",POINT (715358.225727941 9742783.5244131),0.02057809,way/613865138,way/613865138,line,150000,1,6,,50,,,,,,,,,,,,,,,,,,,,,,,,,,,,,,,,,,,4662.026268,4661.156,,,
"MULTILINESTRING ((722286.291874665 9742783.5244131,720039.986646155 9742658.53104211))",POINT (722286.291874665 9742783.5244131),0.02071599,way/613865138,way/613865138,line,150000,1,6,,50,,,,,,,,,,,,,,,,,,,,,,,,,,,,,,,,,,,2249.780105,2249.318,,,
"MULTILINESTRING ((718822.258801303 9739317.56095126,720251.050167003 9739408.17953435))",POINT (718822.258801303 9739317.56095126),0.02081207,way/613865138,way/613865138,line,150000,1,6,,50,,,,,,,,,,,,,,,,,,,,,,,,,,,,,,,,,,,1431.662144,1431.381,,,
"MULTILINESTRING ((531764.472839732 9728919.67056572,533666.762094133 9718646.22506715))",POINT (531764.472839732 9728919.67056572),0.02057113,way/1121246706,way/1121246706,line,150000,1,,PLN,,,,,,,,,,,,,,,,,,,,,,,,,,,,,,,,,,,,10448.08053,10452.123,,,
"MULTILINESTRING ((538692.538986457 9728919.67056572,533666.762094133 9718646.22506715))",POINT (538692.538986457 9728919.67056572),0.02059469,way/1121246706,way/1121246706,line,150000,1,,PLN,,,,,,,,,,,,,,,,,,,,,,,,,,,,,,,,,,,,11436.87526,11441.266,,,
"MULTILINESTRING ((687645.961141041 9725453.70710388,687545.291525806 9723068.9390051))",POINT (687645.961141041 9725453.70710388),0.02061913,way/945757583,way/945757583,line,150000,1,6,,50,,,,,,,,,,,,,,,,,,,,,,,,,,,,,,,,,,,2386.891966,2386.807,,,
"MULTILINESTRING ((694574.027287766 9725453.70710388,694491.592742545 9722842.48757386))",POINT (694574.027287766 9725453.70710388),0.02055587,way/945757583,way/945757583,line,150000,1,6,,50,,,,,,,,,,,,,,,,,,,,,,,,,,,,,,,,,,,2612.520409,2612.342,,,
"MULTILINESTRING ((531764.472839732 9721987.74364203,533666.762094133 9718646.22506715))",POINT (531764.472839732 9721987.74364203),0.02043634,way/1121246706,way/1121246706,line,150000,1,,PLN,,,,,,,,,,,,,,,,,,,,,,,,,,,,,,,,,,,,3845.055369,3846.543,,,
"MULTILINESTRING ((538692.538986457 9721987.74364203,533666.762094133 9718646.22506715))",POINT (538692.538986457 9721987.74364203),0.02048938,way/1121246706,way/1121246706,line,150000,1,,PLN,,,,,,,,,,,,,,,,,,,,,,,,,,,,,,,,,,,,6035.244797,6037.562,,,
"MULTILINESTRING ((684181.928067679 9721987.74364203,684254.711448258 9723194.7608823))",POINT (684181.928067679 9721987.74364203),0.02072055,way/945757583,way/945757583,line,150000,1,6,,50,,,,,,,,,,,,,,,,,,,,,,,,,,,,,,,,,,,1209.209675,1209.185,,,
"MULTILINESTRING ((691109.994214404 9718521.78018019,691349.158324733 9722938.31888366))",POINT (691109.994214404 9718521.78018019),0.02066231,way/945757583,way/945757583,line,150000,1,6,,50,,,,,,,,,,,,,,,,,,,,,,,,,,,,,,,,,,,4423.009563,4422.777,,,
"MULTILINESTRING ((698038.060361128 9718521.78018019,698203.165005088 9722707.49464681))",POINT (698038.060361128 9718521.78018019),0.02051269,way/945757583,way/945757583,line,150000,1,6,,50,,,,,,,,,,,,,,,,,,,,,,,,,,,,,,,,,,,4188.96946,4188.61,,,
"MULTILINESTRING ((1539798.0971882 9697725.99940912,1547129.81231169 9686840.54890769))",POINT (1539798.0971882 9697725.99940912),0.02354578,way/615581258,way/615581258,line,275000,1,6,,50,,,,,,,,,,,,,,,,,,,,,,,,,,,,,,,,,,,13124.29348,12954.475,,,
"MULTILINESTRING ((1536334.06411484 9694260.03594728,1541587.27651461 9683423.64912555))",POINT (1536334.06411484 9694260.03594728),0.02373616,way/615581258,way/615581258,line,275000,1,6,,50,,,,,,,,,,,,,,,,,,,,,,,,,,,,,,,,,,,12042.57115,11888.118,,,
"MULTILINESTRING ((1543262.13026156 9694260.03594728,1547987.97497 9687426.66612028))",POINT (1543262.13026156 9694260.03594728),0.02390166,way/615581258,way/615581258,line,275000,1,6,,50,,,,,,,,,,,,,,,,,,,,,,,,,,,,,,,,,,,8308.342278,8200.385,,,
"MULTILINESTRING ((1539798.0971882 9690794.07248544,1543374.5324765 9684336.81509248))",POINT (1539798.0971882 9690794.07248544),0.02395167,way/615581258,way/615581258,line,275000,1,6,,50,,,,,,,,,,,,,,,,,,,,,,,,,,,,,,,,,,,7381.535234,7286.374,,,
"MULTILINESTRING ((864311.647882525 9687328.10902359,858768.525226506 9689019.98296183))",POINT (864311.647882525 9687328.10902359),0.02075005,way/756074053,way/756074053,line,150000,1,6,,50,,,,,,,,,,,,,,,,,,,,,,,,,,,,,,,,,,,5795.571258,5788.518,,,
"MULTILINESTRING ((871239.71402925 9680396.1820999,865913.82213786 9675223.45325513))",POINT (871239.71402925 9680396.1820999),0.02089524,way/756074053,way/756074053,line,150000,1,6,,50,,,,,,,,,,,,,,,,,,,,,,,,,,,,,,,,,,,7424.43588,7414.929,,,
"MULTILINESTRING ((878167.780175975 9676930.21863806,877832.905236272 9667807.04978755))",POINT (878167.780175975 9676930.21863806),0.0208263,way/756074054,way/756074054,line,150000,1,6,PLN,50,Seberang Barito-Selat,2,,,,,,,,,,,,,,,,,,,,,,,,,,,,,,,,,9129.31274,9116.83,,,
"MULTILINESTRING ((871239.71402925 9673464.25517621,869371.873728028 9671640.29824969))",POINT (871239.71402925 9673464.25517621),0.02089805,way/756074053,way/756074053,line,150000,1,6,,50,,,,,,,,,,,,,,,,,,,,,,,,,,,,,,,,,,,2610.679272,2607.295,,,
"MULTILINESTRING ((881631.813249337 9669998.29171437,879197.020082517 9667275.72033202))",POINT (881631.813249337 9669998.29171437),0.02070385,way/756074054,way/756074054,line,150000,1,6,PLN,50,Seberang Barito-Selat,2,,,,,,,,,,,,,,,,,,,,,,,,,,,,,,,,,3652.480349,3647.404,,,
"MULTILINESTRING ((1661039.25475588 9604144.98593933,1649662.86466127 9570070.30985249))",POINT (1661039.25475588 9604144.98593933),0.02241082,way/943189964,way/943189964,line,150000,1,,,,,,,,,,,,,,,,,,,,,,,,,,,,,,,,,,,,,,35923.61065,35351.987,,,
"MULTILINESTRING ((1667967.32090261 9600679.02247749,1649662.86466127 9570070.30985249))",POINT (1667967.32090261 9600679.02247749),0.02231682,way/943189964,way/943189964,line,150000,1,,,,,,,,,,,,,,,,,,,,,,,,,,,,,,,,,,,,,,35664.35765,35093.406,,,
"MULTILINESTRING ((1664503.28782925 9593747.0955538,1649662.86466127 9570070.30985249))",POINT (1664503.28782925 9593747.0955538),0.02086105,way/943189964,way/943189964,line,150000,1,,,,,,,,,,,,,,,,,,,,,,,,,,,,,,,,,,,,,,27943.30583,27497.316,,,
"MULTILINESTRING ((1667967.32090261 9586815.16863011,1650439.61488836 9569491.44463358))",POINT (1667967.32090261 9586815.16863011),0.02087703,way/943189964,way/943189964,line,150000,1,,,,,,,,,,,,,,,,,,,,,,,,,,,,,,,,,,,,,,24644.10459,24249.311,,,
"MULTILINESTRING ((1695679.58548951 9586815.16863011,1700537.02149506 9549915.02025377))",POINT (1695679.58548951 9586815.16863011),0.02194791,way/943189965,way/943189965,line,150000,1,,,,,,,,,,,,,,,,,,,,,,,,,,,,,,,,,,,,,,37218.48512,36581.161,,,
"MULTILINESTRING ((1702607.65163623 9586815.16863011,1700537.02149506 9549915.02025377))",POINT (1702607.65163623 9586815.16863011),0.02236577,way/943189965,way/943189965,line,150000,1,,,,,,,,,,,,,,,,,,,,,,,,,,,,,,,,,,,,,,36958.19881,36321.637,,,
"MULTILINESTRING ((1695679.58548951 9579883.24170642,1700537.02149506 9549915.02025377))",POINT (1695679.58548951 9579883.24170642),0.02187601,way/943189965,way/943189965,line,150000,1,,,,,,,,,,,,,,,,,,,,,,,,,,,,,,,,,,,,,,30359.33105,29839.463,,,
"MULTILINESTRING ((1702607.65163623 9579883.24170642,1700537.02149506 9549915.02025377))",POINT (1702607.65163623 9579883.24170642),0.02196339,way/943189965,way/943189965,line,150000,1,,,,,,,,,,,,,,,,,,,,,,,,,,,,,,,,,,,,,,30039.67054,29522.273,,,
"MULTILINESTRING ((1695679.58548951 9572951.31478273,1700537.02149506 9549915.02025377))",POINT (1695679.58548951 9572951.31478273),0.0205301,way/943189965,way/943189965,line,150000,1,,,,,,,,,,,,,,,,,,,,,,,,,,,,,,,,,,,,,,23542.84499,23139.702,,,
"MULTILINESTRING ((1702607.65163623 9572951.31478273,1700537.02149506 9549915.02025377))",POINT (1702607.65163623 9572951.31478273),0.02018923,way/943189965,way/943189965,line,150000,1,,,,,,,,,,,,,,,,,,,,,,,,,,,,,,,,,,,,,,23129.16719,22730.796,,,
"MULTILINESTRING ((-261499.100960268 9538291.68016429,-261054.978646256 9541814.82207603))",POINT (-261499.100960268 9538291.68016429),0.02117793,way/753523630,way/753523630,line,150000,1,6,,50,,,,,,,,,,,,,,,,,,,,,,,,,,,,,,,,,,,3551.024297,3527.103,,,
"MULTILINESTRING ((-254571.034813543 9538291.68016429,-255757.013588605 9537129.27720692))",POINT (-254571.034813543 9538291.68016429),0.02112565,way/931931142,way/931931142,line,150000,1,,,,,,,,,,,,,,,,,,,,,,,,,,,,,,,,,,,,,,1660.640325,1649.642,,,
"MULTILINESTRING ((1519013.89874802 9534825.71670244,1516041.95792611 9536020.77683682))",POINT (1519013.89874802 9534825.71670244),0.02357467,way/1004332816,way/1004332816,line,150000,1,6,,,,,,,,,,,,,,,,,,,,,,,,,,,,,,,,,,,,,3203.217285,3163.848,,,
"MULTILINESTRING ((-254571.034813543 9531359.7532406,-252142.867339078 9533357.01888069))",POINT (-254571.034813543 9531359.7532406),0.0212546,way/931931142,way/931931142,line,150000,1,,,,,,,,,,,,,,,,,,,,,,,,,,,,,,,,,,,,,,3144.052691,3123.334,,,
"MULTILINESTRING ((-247642.968666818 9531359.7532406,-248740.719194678 9529860.24986239))",POINT (-247642.968666818 9531359.7532406),0.02122371,way/931931142,way/931931142,line,150000,1,,,,,,,,,,,,,,,,,,,,,,,,,,,,,,,,,,,,,,1858.377411,1846.308,,,
"MULTILINESTRING ((1515549.86567466 9531359.7532406,1514396.46451639 9534774.85403333))",POINT (1515549.86567466 9531359.7532406),0.02370228,way/1004332816,way/1004332816,line,150000,1,6,,,,,,,,,,,,,,,,,,,,,,,,,,,,,,,,,,,,,3604.614772,3560.539,,,
"MULTILINESTRING ((1522477.93182139 9531359.7532406,1515884.93642778 9535643.84794687))",POINT (1522477.93182139 9531359.7532406),0.02360172,way/1004332816,way/1004332816,line,150000,1,6,,,,,,,,,,,,,,,,,,,,,,,,,,,,,,,,,,,,,7862.63669,7765.678,,,
"MULTILINESTRING ((1519013.89874802 9527893.78977876,1514713.6939186 9534887.95097762))",POINT (1519013.89874802 9527893.78977876),0.02363634,way/1004332816,way/1004332816,line,150000,1,6,,,,,,,,,,,,,,,,,,,,,,,,,,,,,,,,,,,,,8210.362504,8109.586,,,
"MULTILINESTRING ((-244178.935593455 9524427.82631691,-242889.604658494 9525034.33105693))",POINT (-244178.935593455 9524427.82631691),0.02129797,way/931931142,way/931931142,line,150000,1,,,,,,,,,,,,,,,,,,,,,,,,,,,,,,,,,,,,,,1424.858681,1415.726,,,
"MULTILINESTRING ((1467053.40264759 9427380.84938527,1458584.05161977 9429992.42916092))",POINT (1467053.40264759 9427380.84938527),0.02115305,way/250105513,way/250105513,line,150000,1,6,,50,,,,,,,,,,,,,,,,,,,,,,,,,,,,,,,,,,,8862.858216,8765.59,,,
"MULTILINESTRING ((1463589.36957423 9423914.88592343,1457566.40242963 9424369.5867255))",POINT (1463589.36957423 9423914.88592343),0.02139875,way/250105513,way/250105513,line,150000,1,6,,50,,,,,,,,,,,,,,,,,,,,,,,,,,,,,,,,,,,6040.10646,5974.134,,,
"MULTILINESTRING ((1778816.37925021 9423914.88592343,1784571.74187792 9425531.30566015))",POINT (1778816.37925021 9423914.88592343),0.02166328,way/1121250704,way/1121250704,line,150000,1,,PLN,,,,,,,,,,,,,,,,,,,,,,,,,,,,,,,,,,,,5978.04414,5860.807,,,
"MULTILINESTRING ((1785744.44539693 9423914.88592343,1785409.10926172 9423557.76771585))",POINT (1785744.44539693 9423914.88592343),0.02185315,way/1121250704,way/1121250704,line,150000,1,,PLN,,,,,,,,,,,,,,,,,,,,,,,,,,,,,,,,,,,,489.8813507,480.216,,,
"MULTILINESTRING ((1463589.36957423 9416982.95899974,1461966.78216938 9414108.42741677))",POINT (1463589.36957423 9416982.95899974),0.02142421,way/1155757157,way/1155757157,line,150000,1,6,,50,,,,,,,,,,,,,,,,,,,,,,,,,,,,,,,,,,,3300.866812,3264.644,,,
"MULTILINESTRING ((1467053.40264759 9413516.9955379,1462685.08696232 9412835.06636333))",POINT (1467053.40264759 9413516.9955379),0.02092694,way/1155757157,way/1155757157,line,150000,1,6,,50,,,,,,,,,,,,,,,,,,,,,,,,,,,,,,,,,,,4421.222605,4372.488,,,
"MULTILINESTRING ((178433.099356763 9250616.71283122,178021.294015125 9249190.46851968))",POINT (178433.099356763 9250616.71283122),0.02190262,way/264401349,way/264401349,line,500000,1,3,,50,,,,,,,,,,,,,,,,,,,,,,,,,,,,,,,,,,,1484.505465,1483.198,,,
"MULTILINESTRING ((181897.132430126 9243684.78590753,181599.443816151 9244390.52028346))",POINT (181897.132430126 9243684.78590753),0.02132286,way/271673006,way/271673006,line,70000,1,,,,,,,,,,,,,,,,,,,,,,,,,,,,,,,,,,,,,,765.9500769,765.297,,,
"MULTILINESTRING ((462483.811372483 9222889.00513646,461701.497742967 9217455.58012377))",POINT (462483.811372483 9222889.00513646),0.02321821,way/195202018,way/195202018,line,500000,1,6,Perusahaan Listrik Negara,50,SUTET 500kV Tanjung Jati - Ungaran,2,PLN,Q4201636,id:Perusahaan Listrik Negara,,quad,,,,,,,,,,,,,,,,,,,,,,,,,,,,5489.455527,5491.554,,,
"MULTILINESTRING ((469411.877519208 9222889.00513646,472177.448938107 9218030.09090808))",POINT (469411.877519208 9222889.00513646),0.02320028,way/195202018,way/195202018,line,500000,1,6,Perusahaan Listrik Negara,50,SUTET 500kV Tanjung Jati - Ungaran,2,PLN,Q4201636,id:Perusahaan Listrik Negara,,quad,,,,,,,,,,,,,,,,,,,,,,,,,,,,5590.83471,5593.013,,,
"MULTILINESTRING ((476339.943665933 9219423.04167462,476258.83918573 9217331.51238958))",POINT (476339.943665933 9219423.04167462),0.02317208,way/195202018,way/195202018,line,500000,1,6,Perusahaan Listrik Negara,50,SUTET 500kV Tanjung Jati - Ungaran,2,PLN,Q4201636,id:Perusahaan Listrik Negara,,quad,,,,,,,,,,,,,,,,,,,,,,,,,,,,2093.101213,2093.924,,,
"MULTILINESTRING ((462483.811372483 9212491.11475093,462659.248296736 9214360.48452724))",POINT (462483.811372483 9212491.11475093),0.02299538,way/1015753815,way/1015753815,line,500000,1,6,Perusahaan Listrik Negara,50,SUTET 500kV TJATI-PMLNG,2,PLN,Q4201636,id:Perusahaan Listrik Negara,,quad,,,,,,,,,,,,,,,,,,,,,,,three-level,,,,,1877.583946,1878.303,,,
"MULTILINESTRING ((472875.910592571 9212491.11475093,472875.603895411 9215182.31277979))",POINT (472875.910592571 9212491.11475093),0.02306485,way/561538040,way/561538040,line,150000,1,6,,50,SUTT 150kV SEMEN GROBOGAN-PWDDI,,,,,,,,,,,,,,,,,,,,,,,,,,,,,,,,,,2691.198046,2692.25,,,
"MULTILINESTRING ((452091.712152396 9209025.15128908,449861.831985034 9210379.05898717))",POINT (452091.712152396 9209025.15128908),0.02272505,way/1015753815,way/1015753815,line,500000,1,6,Perusahaan Listrik Negara,50,SUTET 500kV TJATI-PMLNG,2,PLN,Q4201636,id:Perusahaan Listrik Negara,,quad,,,,,,,,,,,,,,,,,,,,,,,three-level,,,,,2608.722219,2609.688,,,
"MULTILINESTRING ((607973.200453705 9153569.73589958,604294.288257808 9150263.25158875))",POINT (607973.200453705 9153569.73589958),0.02398663,way/268846143,way/268846143,line,150000,1,6,,,,,,,,,,,,,,,,,,,,,,,,,,,,,,,,,,,,,4946.436439,4947.726,,,
"MULTILINESTRING ((604509.167380343 9146637.80897589,606186.588449077 9148152.31622624))",POINT (604509.167380343 9146637.80897589),0.02388168,way/268846143,way/268846143,line,150000,1,6,,,,,,,,,,,,,,,,,,,,,,,,,,,,,,,,,,,,,2259.972047,2260.566,,,
"MULTILINESTRING ((611437.233527068 9146637.80897589,610561.938055139 9145702.59904709))",POINT (611437.233527068 9146637.80897589),0.02374209,way/268846143,way/268846143,line,150000,1,6,,,,,,,,,,,,,,,,,,,,,,,,,,,,,,,,,,,,,1280.921455,1281.239,,,
"MULTILINESTRING ((1065225.56613755 9042658.90512056,1064951.46410785 9041317.58868009))",POINT (1065225.56613755 9042658.90512056),0.02271667,way/614195179,way/614195179,line,150000,1,,,,,,,,,,,,,,,,,,,,,,,,,,,,,,,,,,,,,,1369.036784,1364.188,,,
"MULTILINESTRING ((1068689.59921091 9035726.97819687,1071002.12438954 9038298.25145998))",POINT (1068689.59921091 9035726.97819687),0.02268198,way/614195179,way/614195179,line,150000,1,,,,,,,,,,,,,,,,,,,,,,,,,,,,,,,,,,,,,,3458.21036,3445.733,,,
"MULTILINESTRING ((1065225.56613755 9032261.01473503,1068100.22141764 9039735.98491722))",POINT (1065225.56613755 9032261.01473503),0.02269963,way/614195179,way/614195179,line,150000,1,,,,,,,,,,,,,,,,,,,,,,,,,,,,,,,,,,,,,,8008.671688,7980.132,,,
"MULTILINESTRING ((1626398.92402226 9028795.05127318,1630791.5642979 9028068.12335518))",POINT (1626398.92402226 9028795.05127318),0.0244644,way/614243450,way/614243450,line,70000,1,,,,,,,,,,,,,,,,,,,,,,,,,,,,,,,,,,,,,,4452.382821,4384.836,,,
"MULTILINESTRING ((1622934.8909489 9021863.1243495,1626126.59631267 9020654.8411487))",POINT (1622934.8909489 9021863.1243495),0.02410935,way/614243450,way/614243450,line,70000,1,,,,,,,,,,,,,,,,,,,,,,,,,,,,,,,,,,,,,,3412.760089,3361.363,,,
"MULTILINESTRING ((1633326.99016898 9021863.1243495,1630303.65733869 9024886.15422702))",POINT (1633326.99016898 9021863.1243495),0.02374337,way/614243450,way/614243450,line,70000,1,,,,,,,,,,,,,,,,,,,,,,,,,,,,,,,,,,,,,,4275.424078,4210.186,,,
"MULTILINESTRING ((1934697.86755152 8890156.51279941,1938337.34406551 8869041.74593102))",POINT (1934697.86755152 8890156.51279941),0.0246029,way/927818011,way/927818011,line,70000,1,,,,,,,,,,,1,,,,,,,,,,,,,,,,,,,,,,,,,,,21426.13286,20898.537,,,
"MULTILINESTRING ((1927769.80140479 8886690.54933757,1938337.34406551 8869041.74593102))",POINT (1927769.80140479 8886690.54933757),0.02427311,way/927818011,way/927818011,line,70000,1,,,,,,,,,,,1,,,,,,,,,,,,,,,,,,,,,,,,,,,20570.68836,20066.584,,,
"MULTILINESTRING ((1938161.90062488 8886690.54933757,1938337.34406551 8869041.74593102))",POINT (1938161.90062488 8886690.54933757),0.02484892,way/927818011,way/927818011,line,70000,1,,,,,,,,,,,1,,,,,,,,,,,,,,,,,,,,,,,,,,,17649.67541,17214.028,,,
"MULTILINESTRING ((1934697.86755152 8883224.58587573,1938337.34406551 8869041.74593102))",POINT (1934697.86755152 8883224.58587573),0.02480889,way/927818011,way/927818011,line,70000,1,,,,,,,,,,,1,,,,,,,,,,,,,,,,,,,,,,,,,,,14642.36109,14281.81,,,
"MULTILINESTRING ((1931233.83447815 8879758.62241388,1938337.34406551 8869041.74593102))",POINT (1931233.83447815 8879758.62241388),0.02470276,way/927818011,way/927818011,line,70000,1,,,,,,,,,,,1,,,,,,,,,,,,,,,,,,,,,,,,,,,12857.34382,12541.506,,,